Workbook

Sheet Cover
B2: KharchaSplit — End-to-End QA Test Report
B3: Mobile App QA Document — Android & iOS
B5: Application | C5: KharchaSplit (Flutter)
B6: Platforms | C6: Android (min API 24) · iOS (min 15.0)
B7: Backend | C7: Node.js + Express + PostgreSQL
B8: Document Owner | C8: QA Lead
B9: Document Version | C9: 1.0
B10: Generated On | C10: 2026-06-02
B11: Recommended Devices | C11: Android: Pixel 6 (14) · Samsung A54 (13) · OnePlus Nord (12) iOS: iPhone 13 · iPhone 15 Pro · iPad Air (M2)
B12: Tools | C12: Charles Proxy / Proxyman, Firebase Test Lab, BrowserStack, Xcode Instruments, Android Studio Profiler
B13: Build Source | C13: TestFlight build / Play Internal Track
B15: How to use this workbook
B16: 1. Open the relevant module sheet and pick a test case row.
B17: 2. Fill Tester Name, Device Name, OS Version, Build Version BEFORE you start.
B18: 3. Follow Test Steps; record Actual Result and Status (dropdown).
B19: 4. If Fail: log defect on '24_Bug_Tracker' sheet and put the Defect ID back here.
B20: 5. Attach evidence link (Drive / Slack / Jira) in 'Evidence Link' column.
B21: 6. On retest, update Retest Status and Remarks.
B22: 7. At end of cycle, complete '23_Release_Readiness' + '22_UAT_Signoff'.
B23: 8. '25_Test_Summary' tracks pass/fail totals — review with PM before sign-off.
B25: Sheets in this workbook
B26: 01_Authentication | C26: Signup, Login, OTP, Forgot Password, Social, Session, Logout
B27: 02_User_Profile | C27: Profile view + edit, avatar, password change
B28: 03_Dashboard | C28: Aggregate balances, recent activity, empty/error states
B29: 04_Navigation | C29: Bottom nav, sidebar, hardware back, swipe back, deep routes
B30: 05_Groups | C30: Create/edit/archive/delete, members, invites, roles
B31: 06_Expenses | C31: Add/edit/delete, splits (equal/exact/percent/shares), receipts
B32: 07_Settlements | C32: Record/partial/full, history, undo, cross-group
B33: 08_Activity | C33: Feed, filters, unread badge, deep links
B34: 09_Reports | C34: Charts, ranges, PDF export
B35: 10_Friends | C35: Friend list, per-group balances, settle
B36: 11_API_Validation | C36: Envelope, auth, refresh, rate-limit, pagination, cache
B37: 12_Push_Notifications | C37: Permission, FCM token, foreground/background/killed
... B52: 27_Test_Summary | C52: Live dashboard — counts/percentages

Sheet 01_Authentication
A1: 01 Authentication
A2: Sign Up, Login (password), OTP, Forgot Password, Social Sign-in, Session, Logout.
A4: Test Case ID | B4: Module Name | C4: Feature Name | D4: Screen Name | E4: Test Scenario | F4: Test Case Description | G4: Preconditions | H4: Test Steps | I4: Test Data | J4: Expected Result | K4: Actual Result | L4: Priority | M4: Severity | N4: Platform | O4: Device Name | P4: OS Version | Q4: Build Version | R4: Status | S4: Defect ID | T4: Bug Description | U4: Evidence Link | V4: Tester Name | W4: Testing Date | X4: Retest Status | Y4: Remarks
A5: TC_AUTH_01 | B5: Authentication | C5: Sign Up | D5: Register Screen | E5: New user can register with valid 10-digit Indian mobile number | F5: Verify a brand-new user can successfully register with valid name + phone, receive OTP and create account. | G5: App freshly installed; phone number is NOT already registered. | H5: 1. Launch app 2. From Login → tap Register 3. Enter Name: 'Test User' 4. Enter Phone: 9876543210 5. Tap Continue / Send OTP | I5: Name: Test User Phone: 9876543210 | J5: OTP screen opens; SMS/WhatsApp OTP received within 60s; success toast 'OTP sent to your phone'. | L5: High | M5: Critical | N5: Both | R5: Not Tested | X5: Not Required
A6: TC_AUTH_02 | B6: Authentication | C6: Sign Up | D6: Register Screen | E6: Reject empty / whitespace name | F6: Inline validation blocks submission when Name field is blank. | G6: Register Screen open. | H6: 1. Leave Name empty (or only spaces) 2. Enter valid phone 9876543210 3. Tap Continue | I6: Name: '' Phone: 9876543210 | J6: Continue button disabled OR inline error 'Please enter your name'. No network call fires. | L6: High | M6: Major | N6: Both | R6: Not Tested | X6: Not Required
A7: TC_AUTH_03 | B7: Authentication | C7: Sign Up | D7: Register Screen | E7: Reject invalid phone number formats | F7: Validate phone field rejects letters, special chars, < 10 digits, > 15 digits. | G7: Register Screen open. | H7: 1. Try phone = '12345' (short) 2. Try phone = 'abcd123456' (letters) 3. Try phone = '99999999999999999' (>15 digits) 4. Try phone = '+0-987-654' (leading 0 after +) | I7: Various invalid phone values | J7: Each case shows inline error 'Enter a valid mobile number'. No backend call made. | L7: High | M7: Major | N7: Both | R7: Not Tested | X7: Not Required
A8: TC_AUTH_04 | B8: Authentication | C8: Sign Up | D8: Register Screen | E8: Existing phone number cannot register again | F8: Backend returns 409 conflict; UI shows friendly message. | G8: Phone 9876543210 is already registered. | H8: 1. Enter Name: Anyone 2. Enter Phone: 9876543210 3. Tap Continue | I8: Phone already exists | J8: Error banner / snackbar 'Phone already registered — please log in.' User stays on Register Screen. | L8: High | M8: Critical | N8: Both | R8: Not Tested | X8: Not Required
A9: TC_AUTH_05 | B9: Authentication | C9: Sign Up | D9: Register Screen | E9: Email is optional but validated when entered | F9: Empty email succeeds; malformed email blocks submission. | G9: Register Screen open. | H9: 1. Enter valid name & phone 2. Leave email blank → submit (should pass) 3. Now enter email = 'abc@xyz' (no TLD) → submit | I9: Email: '' and 'abc@xyz' | J9: Blank email accepted; malformed email shows inline 'Enter a valid email'. | L9: Medium | M9: Minor | N9: Both | R9: Not Tested | X9: Not Required
A10: TC_AUTH_06 | B10: Authentication | C10: Login | D10: Login Screen | E10: Successful login with correct phone + password | F10: Registered user can log in and lands on Dashboard. | G10: User registered & password set. | H10: 1. Open Login screen 2. Enter Phone: 9876543210 3. Enter Password: Valid@123 4. Tap Login | I10: Phone: 9876543210 Password: Valid@123 | J10: Dashboard opens; user's name visible in top bar; access + refresh tokens saved in secure storage. | L10: High | M10: Critical | N10: Both | R10: Not Tested | X10: Not Required
A11: TC_AUTH_07 | B11: Authentication | C11: Login | D11: Login Screen | E11: Wrong password shows error and increments attempt counter | F11: Backend returns 401; UI keeps user on login screen with error. | G11: Valid registered phone. | H11: 1. Enter Phone: 9876543210 2. Enter Password: WrongPass 3. Tap Login | I11: Password: WrongPass | J11: Error 'Invalid phone or password' shown. No tokens saved. Form retains phone, clears password. | L11: High | M11: Critical | N11: Both | R11: Not Tested | X11: Not Required
A12: TC_AUTH_08 | B12: Authentication | C12: Login | D12: Login Screen | E12: Rate limit after 5 wrong attempts in a minute | F12: Backend rate limiter trips; UI shows cool-down message. | G12: User account exists. | H12: 1. Submit wrong password 6 times in 60 seconds | I12: 6 rapid wrong attempts | J12: From 6th attempt, response 429 'Too many attempts, try again in X seconds'. | L12: Medium | M12: Major | N12: Both | R12: Not Tested | X12: Not Required
A13: TC_AUTH_09 | B13: Authentication | C13: Login | D13: Login Screen | E13: Password field masks input and toggles visibility | F13: Password field shows • characters; eye icon toggles to plain text. | G13: Login screen open. | H13: 1. Type a password 2. Tap eye icon 3. Tap again | I13: Any string | J13: Eye toggles between obscured and visible. State resets when leaving the screen. | L13: Medium | M13: Minor | N13: Both | R13: Not Tested | X13: Not Required
A14: TC_AUTH_10 | B14: Authentication | C14: Login | D14: Login Screen | E14: Login button disabled until both fields valid | F14: Prevents premature submission. | G14: Login screen open. | H14: 1. Empty form → button disabled 2. Phone only → still disabled 3. Both filled with valid input → enabled | I14: Various states | J14: Button disabled state matches input validity. Loading spinner shows during request. | L14: Low | M14: Minor | N14: Both | R14: Not Tested | X14: Not Required
A15: TC_AUTH_11 | B15: Authentication | C15: Forgot Password | D15: Forgot Password Screen | E15: Request password reset via OTP for registered phone | F15: Backend sends OTP; UI moves to OTP screen. | G15: User exists with phone 9876543210. | H15: 1. Login → 'Forgot Password?' 2. Enter Phone: 9876543210 3. Tap Send OTP | I15: Phone: 9876543210 | J15: OTP delivered via SMS/WhatsApp. App navigates to OTP screen. | L15: High | M15: Critical | N15: Both | R15: Not Tested | X15: Not Required
A16: TC_AUTH_12 | B16: Authentication | C16: Forgot Password | D16: Forgot Password Screen | E16: Reset OTP for unregistered phone returns generic message (no enumeration) | F16: Security: backend must NOT reveal whether phone exists. | G16: Phone 9000000000 is NOT registered. | H16: 1. Enter Phone: 9000000000 2. Tap Send OTP | I16: Unregistered phone | J16: Same 'If your number is registered, OTP has been sent' message as success path; no 'user not found' leak. | L16: High | M16: Critical | N16: Both | R16: Not Tested | X16: Not Required
... A32: TC_AUTH_28 | B32: Authentication | C32: Logout | D32: Profile Screen | E32: Logout cancel keeps user logged in | F32: Confirmation dialog negative path. | G32: User logged in. | H32: 1. Profile → Logout 2. Cancel the dialog | I32: n/a | J32: Dialog dismisses, user stays on Profile, fully logged in. | L32: Medium | M32: Minor | N32: Both | R32: Not Tested | X32: Not Required

Sheet 02_User_Profile
A1: 02 User Profile
A2: View + edit profile, avatar upload, password change, currency preference, balance privacy.
A4: Test Case ID | B4: Module Name | C4: Feature Name | D4: Screen Name | E4: Test Scenario | F4: Test Case Description | G4: Preconditions | H4: Test Steps | I4: Test Data | J4: Expected Result | K4: Actual Result | L4: Priority | M4: Severity | N4: Platform | O4: Device Name | P4: OS Version | Q4: Build Version | R4: Status | S4: Defect ID | T4: Bug Description | U4: Evidence Link | V4: Tester Name | W4: Testing Date | X4: Retest Status | Y4: Remarks
A5: TC_PROF_01 | B5: User Profile | C5: View Profile | D5: Profile Screen | E5: Profile shows current name, phone, email, avatar | F5: Profile screen reads from /users/me. | G5: Logged in. | H5: 1. Navigate to Profile tab | I5: n/a | J5: Name, phone, email, avatar all match registered values. | L5: High | M5: Major | N5: Both | R5: Not Tested | X5: Not Required
A6: TC_PROF_02 | B6: User Profile | C6: Edit Profile | D6: Edit Profile | E6: Update name, save, see change instantly | F6: Optimistic UI then server sync. | G6: Logged in. | H6: 1. Tap Edit 2. Change Name 3. Save | I6: Name: 'Test User Edited' | J6: Snackbar 'Profile updated'. Name visible across app (Dashboard, Activity). | L6: High | M6: Major | N6: Both | R6: Not Tested | X6: Not Required
A7: TC_PROF_03 | B7: User Profile | C7: Edit Profile | D7: Edit Profile | E7: Upload profile picture from gallery | F7: Image picker → compress → base64 → PUT /users/me. | G7: Photos permission allowed. | H7: 1. Tap avatar 2. Pick a photo from gallery 3. Crop & save | I7: JPEG 3MB photo | J7: Compressed image displayed; <2MB on request body. Server responds 200. | L7: High | M7: Major | N7: Both | R7: Not Tested | X7: Not Required
A8: TC_PROF_04 | B8: User Profile | C8: Edit Profile | D8: Edit Profile | E8: Upload profile picture from camera | F8: Camera capture path. | G8: Camera permission allowed. | H8: 1. Tap avatar 2. Choose Camera 3. Take photo 4. Save | I8: n/a | J8: Photo captured and uploaded successfully. | L8: High | M8: Major | N8: Both | R8: Not Tested | X8: Not Required
A9: TC_PROF_05 | B9: User Profile | C9: Edit Profile | D9: Edit Profile | E9: Reject email format with no @ or TLD | F9: Client-side email validation. | G9: Edit screen open. | H9: 1. Email = 'badformat' 2. Save | I9: Email: 'badformat' | J9: Inline error; save disabled. | L9: Medium | M9: Minor | N9: Both | R9: Not Tested | X9: Not Required
A10: TC_PROF_06 | B10: User Profile | C10: Change Password | D10: Change Password | E10: Update password with correct current password | F10: Re-auth before mutation. | G10: User knows current password. | H10: 1. Profile → Change Password 2. Current, New, Confirm 3. Save | I10: Current: Valid@123 New: NewValid@123 | J10: Success message. User remains logged in. Other devices' refresh tokens invalidated. | L10: High | M10: Critical | N10: Both | R10: Not Tested | X10: Not Required
A11: TC_PROF_07 | B11: User Profile | C11: Currency Preference | D11: Settings | E11: Default currency selection persists across app | F11: Preferred currency from user settings. | G11: Logged in. | H11: 1. Set preferred currency = USD 2. Reopen Add Expense | I11: USD | J11: Add Expense defaults to USD; backend stores preference. | L11: Medium | M11: Minor | N11: Both | R11: Not Tested | X11: Not Required
A12: TC_PROF_08 | B12: User Profile | C12: Hide Sensitive Data | D12: Profile / Dashboard | E12: Balances hidden when app backgrounded | F12: Finance app security: balances should blur in app switcher. | G12: Logged in with non-zero balances. | H12: 1. Open Dashboard 2. Send app to background (swipe) 3. Open app switcher | I12: n/a | J12: Snapshot shows blurred / masked balances, not real numbers. | L12: High | M12: Major | N12: Both | R12: Not Tested | X12: Not Required

Sheet 03_Dashboard
A1: 03 Dashboard
A2: Aggregate balances, recent activity, pull-to-refresh, empty/loading/error states, responsive layouts.
A4: Test Case ID | B4: Module Name | C4: Feature Name | D4: Screen Name | E4: Test Scenario | F4: Test Case Description | G4: Preconditions | H4: Test Steps | I4: Test Data | J4: Expected Result | K4: Actual Result | L4: Priority | M4: Severity | N4: Platform | O4: Device Name | P4: OS Version | Q4: Build Version | R4: Status | S4: Defect ID | T4: Bug Description | U4: Evidence Link | V4: Tester Name | W4: Testing Date | X4: Retest Status | Y4: Remarks
A5: TC_DASH_01 | B5: Dashboard | C5: Balances | D5: Dashboard | E5: Show 'You are owed' and 'You owe' aggregates | F5: Aggregate balance pulled from /dashboard. | G5: Logged in with at least one outstanding balance. | H5: 1. Open Dashboard | I5: n/a | J5: Two cards: 'Owed to me' (green) and 'I owe' (red). Numbers match group breakdowns. | L5: High | M5: Major | N5: Both | R5: Not Tested | X5: Not Required
A6: TC_DASH_02 | B6: Dashboard | C6: Balances | D6: Dashboard | E6: Tap 'Owed to me' shows itemized breakdown | F6: Navigates to /home/owed-to-me with list per user. | G6: Aggregate > 0. | H6: 1. Tap 'Owed to me' card | I6: n/a | J6: Screen lists every user with amount and group context. | L6: High | M6: Major | N6: Both | R6: Not Tested | X6: Not Required
A7: TC_DASH_03 | B7: Dashboard | C7: Recent Activity | D7: Dashboard | E7: Last 5 activity items rendered | F7: Latest activity feed in compact form. | G7: Activity events exist. | H7: 1. Scroll dashboard | I7: n/a | J7: Up to 5 recent events with relative time ('2h ago'). Tapping item routes correctly. | L7: High | M7: Major | N7: Both | R7: Not Tested | X7: Not Required
A8: TC_DASH_04 | B8: Dashboard | C8: Pull-to-refresh | D8: Dashboard | E8: Refresh fetches latest balances | F8: RefreshIndicator on top. | G8: Logged in. | H8: 1. Pull down at the top | I8: n/a | J8: Spinner shows; data updates; spinner dismisses within 5s. | L8: High | M8: Major | N8: Both | R8: Not Tested | X8: Not Required
A9: TC_DASH_05 | B9: Dashboard | C9: Empty State | D9: Dashboard | E9: Brand new account shows friendly empty state | F9: No groups, no expenses. | G9: Fresh user. | H9: 1. Register + log in 2. View Dashboard | I9: n/a | J9: Empty illustration + CTA 'Create a group' visible. | L9: High | M9: Major | N9: Both | R9: Not Tested | X9: Not Required
A10: TC_DASH_06 | B10: Dashboard | C10: Loading State | D10: Dashboard | E10: Shimmer placeholders show during fetch | F10: Three-state UI rule from CLAUDE.md. | G10: Slow network OR fresh open. | H10: 1. Throttle network to Slow 3G 2. Open Dashboard | I10: n/a | J10: Shimmer cards animate until data arrives; no white flash. | L10: Medium | M10: Minor | N10: Both | R10: Not Tested | X10: Not Required
A11: TC_DASH_07 | B11: Dashboard | C11: Error State | D11: Dashboard | E11: Backend 500 shows error widget with retry | F11: Three-state UI rule. | G11: Backend returns 500 (simulate). | H11: 1. Open Dashboard | I11: n/a | J11: Error card with 'Try again' button; tapping retries the fetch. | L11: High | M11: Major | N11: Both | R11: Not Tested | X11: Not Required
A12: TC_DASH_08 | B12: Dashboard | C12: Responsive Layout | D12: Dashboard | E12: Compact / Standard / Large layouts render correctly | F12: <600 / 600-1100 / >1100 widths. | G12: Test on phone, tablet, and unfolded foldable / web. | H12: 1. Open on phone 2. Open on tablet 3. Rotate / resize | I12: n/a | J12: Compact: bottom nav. Standard: sidebar centered. Large: sidebar + max-width content. No overflow. | L12: High | M12: Major | N12: Both | R12: Not Tested | X12: Not Required

Sheet 04_Navigation
A1: 04 Navigation
A2: Bottom nav, sidebar, hardware back, iOS swipe back, deep routes.
A4: Test Case ID | B4: Module Name | C4: Feature Name | D4: Screen Name | E4: Test Scenario | F4: Test Case Description | G4: Preconditions | H4: Test Steps | I4: Test Data | J4: Expected Result | K4: Actual Result | L4: Priority | M4: Severity | N4: Platform | O4: Device Name | P4: OS Version | Q4: Build Version | R4: Status | S4: Defect ID | T4: Bug Description | U4: Evidence Link | V4: Tester Name | W4: Testing Date | X4: Retest Status | Y4: Remarks
A5: TC_NAV_01 | B5: Navigation | C5: Bottom Nav | D5: Shell | E5: All bottom nav tabs reachable on phone (<600) | F5: Dashboard, Groups, Friends, Activity present. | G5: Logged in. | H5: 1. Tap each bottom-nav icon | I5: n/a | J5: Each tab opens the correct screen and highlights the selected icon. | L5: High | M5: Major | N5: Both | R5: Not Tested | X5: Not Required
A6: TC_NAV_02 | B6: Navigation | C6: Sidebar Nav | D6: Shell | E6: Tablet / web shows sidebar instead of bottom nav | F6: Layouts switch at 600px. | G6: Tablet OR resized desktop window. | H6: 1. Open app at ≥600px width | I6: n/a | J6: Sidebar visible; bottom nav hidden; selecting items routes correctly. | L6: High | M6: Major | N6: Both | R6: Not Tested | X6: Not Required
A7: TC_NAV_03 | B7: Navigation | C7: Hardware Back | D7: Various | E7: Android back button respects nested stack | F7: Back from Expense Detail returns to Group Detail, not Dashboard. | G7: Inside a group expense. | H7: 1. Dashboard → Groups → Group X → Expense Y 2. Tap hardware Back | I7: n/a | J7: Returns to Group X. Another back returns to Groups list. Another to Dashboard. | L7: High | M7: Major | N7: Android | R7: Not Tested | X7: Not Required
A8: TC_NAV_04 | B8: Navigation | C8: Hardware Back | D8: Dashboard | E8: Back on root tab confirms before exiting app | F8: Prevents accidental exit. | G8: On Dashboard. | H8: 1. Tap hardware Back | I8: n/a | J8: Toast/dialog 'Press back again to exit'. Second back within 2s exits. | L8: Medium | M8: Minor | N8: Android | R8: Not Tested | X8: Not Required
A9: TC_NAV_05 | B9: Navigation | C9: iOS Swipe Back | D9: Various | E9: Swipe from left edge pops route | F9: iOS standard gesture. | G9: iOS device, inside detail screen. | H9: 1. Swipe right from left edge | I9: n/a | J9: Previous screen reappears. | L9: Medium | M9: Minor | N9: iOS | R9: Not Tested | X9: Not Required
A10: TC_NAV_06 | B10: Navigation | C10: Deep Routes | D10: Various | E10: Direct URL '/home/groups/:id' deep links to group detail | F10: go_router supports deep links. | G10: Logged in. | H10: 1. Trigger an FCM notification with route='/home/groups/<id>' | I10: Valid group id | J10: App opens straight to that group detail. | L10: High | M10: Major | N10: Both | R10: Not Tested | X10: Not Required

Sheet 05_Groups
A1: 05 Groups
A2: Create/edit/archive/delete, member management, WhatsApp invites, role changes.
A4: Test Case ID | B4: Module Name | C4: Feature Name | D4: Screen Name | E4: Test Scenario | F4: Test Case Description | G4: Preconditions | H4: Test Steps | I4: Test Data | J4: Expected Result | K4: Actual Result | L4: Priority | M4: Severity | N4: Platform | O4: Device Name | P4: OS Version | Q4: Build Version | R4: Status | S4: Defect ID | T4: Bug Description | U4: Evidence Link | V4: Tester Name | W4: Testing Date | X4: Retest Status | Y4: Remarks
A5: TC_GRP_01 | B5: Groups | C5: Create Group | D5: Create Group | E5: Create a group with required fields | F5: Group creation with name + currency. | G5: Logged in. | H5: 1. Groups → + 2. Name: 'Goa Trip' 3. Currency: INR 4. Add 2 members from contacts 5. Create | I5: Name: Goa Trip Currency: INR | J5: Group appears in Groups list. Creator listed as admin. Members visible. | L5: High | M5: Major | N5: Both | R5: Not Tested | X5: Not Required
A6: TC_GRP_02 | B6: Groups | C6: Create Group | D6: Create Group | E6: Reject empty group name | F6: Validation. | G6: Create screen open. | H6: 1. Leave name blank 2. Tap Create | I6: Name: '' | J6: Inline error; Create disabled. | L6: High | M6: Major | N6: Both | R6: Not Tested | X6: Not Required
A7: TC_GRP_03 | B7: Groups | C7: Create Group | D7: Create Group | E7: Long name truncated nicely in lists | F7: UI handles long strings. | G7: Create screen open. | H7: 1. Name = 200 chars 2. Create 3. View in Groups list | I7: 200-char name | J7: Backend caps at allowed length OR UI truncates with ellipsis. | L7: Low | M7: Cosmetic | N7: Both | R7: Not Tested | X7: Not Required
A8: TC_GRP_04 | B8: Groups | C8: Add Members | D8: Create Group | E8: Add member from contacts who is already a KharchaSplit user | F8: Registered users join immediately. | G8: Contact's phone is a registered user. | H8: 1. Add Members → Contacts 2. Select Atharv (registered) 3. Confirm | I8: Registered contact | J8: Member appears in group immediately. No pending invite. | L8: High | M8: Major | N8: Both | R8: Not Tested | X8: Not Required
A9: TC_GRP_05 | B9: Groups | C9: Add Members | D9: Create Group | E9: Invite unregistered contact via WhatsApp (WATI) | F9: Pending invite created; user joins when they register. | G9: Contact's phone NOT registered. | H9: 1. Add Members → Contacts 2. Select unregistered contact 3. Confirm | I9: Unregistered phone | J9: Pending invite row in group; WhatsApp message delivered via WATI; status updates to 'sent'. | L9: High | M9: Critical | N9: Both | R9: Not Tested | X9: Not Required
A10: TC_GRP_06 | B10: Groups | C10: Group Detail | D10: Group Detail | E10: View members, expenses, balances tabs | F10: Three tabs/sections. | G10: Group exists. | H10: 1. Open the group | I10: n/a | J10: Members list, recent expenses, and per-member balances all populate. | L10: High | M10: Major | N10: Both | R10: Not Tested | X10: Not Required
A11: TC_GRP_07 | B11: Groups | C11: Edit Group | D11: Edit Group | E11: Admin can rename group and change cover image | F11: Editable group metadata. | G11: User is admin. | H11: 1. Group Detail → ⋮ → Edit 2. Change name and pick a cover image 3. Save | I11: New name + image | J11: Changes persist; visible to all members on refresh. | L11: High | M11: Major | N11: Both | R11: Not Tested | X11: Not Required
A12: TC_GRP_08 | B12: Groups | C12: Edit Group | D12: Edit Group | E12: Non-admin cannot see/use Edit option | F12: Permission gate. | G12: Member (not admin). | H12: 1. Open group as non-admin 2. Try ⋮ menu | I12: n/a | J12: Edit option hidden / disabled. Direct API call (if attempted) returns 403. | L12: High | M12: Critical | N12: Both | R12: Not Tested | X12: Not Required
A13: TC_GRP_09 | B13: Groups | C13: Archive Group | D13: Group Detail | E13: Admin archives an active group | F13: Group moved to archived section. | G13: Admin role; group active. | H13: 1. Open group → ⋮ → Archive 2. Confirm | I13: n/a | J13: Group disappears from active list; visible in 'Archived' filter. is_archived flag set server-side. | L13: High | M13: Major | N13: Both | R13: Not Tested | X13: Not Required
A14: TC_GRP_10 | B14: Groups | C14: Unarchive Group | D14: Archived Groups | E14: Unarchive restores to active list | F14: Reverse of archive. | G14: Archived group present. | H14: 1. Filter archived → open group → ⋮ → Unarchive | I14: n/a | J14: Group returns to active list. | L14: Medium | M14: Major | N14: Both | R14: Not Tested | X14: Not Required
A15: TC_GRP_11 | B15: Groups | C15: Delete Group | D15: Group Detail | E15: Admin deletes empty group with confirmation | F15: Soft delete; cannot be undone in UI. | G15: Admin; group with no expenses. | H15: 1. ⋮ → Delete 2. Confirm | I15: n/a | J15: Group removed from list. Server soft-deletes (deleted_at set). | L15: High | M15: Critical | N15: Both | R15: Not Tested | X15: Not Required
A16: TC_GRP_12 | B16: Groups | C16: Delete Group | D16: Group Detail | E16: Cannot delete group with outstanding balances | F16: Business rule. | G16: Group with unsettled balance. | H16: 1. ⋮ → Delete | I16: n/a | J16: Blocked with message 'Settle all balances before deleting'. | L16: High | M16: Critical | N16: Both | R16: Not Tested | X16: Not Required
... A20: TC_GRP_16 | B20: Groups | C20: Member Roles | D20: Members tab | E20: Admin promotes a member to admin | F20: Role change reflected immediately. | G20: Creator/admin role. | H20: 1. Tap member → 'Make admin' 2. Confirm | I20: n/a | J20: Member badge updates to Admin. Cache invalidated. | L20: High | M20: Major | N20: Both | R20: Not Tested | X20: Not Required

Sheet 06_Expenses
A1: 06 Expenses
A2: Add/edit/delete, all 4 split types, receipt attachments, categories, edge cases.
A4: Test Case ID | B4: Module Name | C4: Feature Name | D4: Screen Name | E4: Test Scenario | F4: Test Case Description | G4: Preconditions | H4: Test Steps | I4: Test Data | J4: Expected Result | K4: Actual Result | L4: Priority | M4: Severity | N4: Platform | O4: Device Name | P4: OS Version | Q4: Build Version | R4: Status | S4: Defect ID | T4: Bug Description | U4: Evidence Link | V4: Tester Name | W4: Testing Date | X4: Retest Status | Y4: Remarks
A5: TC_EXP_01 | B5: Expenses | C5: Add Expense | D5: Add Expense | E5: Equal split among all group members | F5: Most common path. | G5: Group with 4 members; user is a member. | H5: 1. + → Add Expense 2. Title: 'Dinner' 3. Amount: 1000 4. Paid by: me 5. Split: Equal 6. Save | I5: Amount 1000; 4 members | J5: Expense saved. Each split = 250. Dashboard and group balances reflect immediately. | L5: High | M5: Critical | N5: Both | R5: Not Tested | X5: Not Required
A6: TC_EXP_02 | B6: Expenses | C6: Add Expense | D6: Add Expense | E6: Exact (unequal) split — amounts sum to total | F6: Validates strict-equality rule. | G6: Group selected; Exact split chosen. | H6: 1. Amount: 1000 2. Set per-member amounts: 300, 300, 200, 200 3. Save | I6: Sum matches | J6: Save allowed. Validation passes. | L6: High | M6: Critical | N6: Both | R6: Not Tested | X6: Not Required
A7: TC_EXP_03 | B7: Expenses | C7: Add Expense | D7: Add Expense | E7: Exact split rejects mismatched sum | F7: Validator. | G7: Exact split. | H7: 1. Amount: 1000 2. Splits sum = 950 3. Try Save | I7: Sum off by 50 | J7: Inline banner 'Splits must total 1000'; Save disabled. | L7: High | M7: Critical | N7: Both | R7: Not Tested | X7: Not Required
A8: TC_EXP_04 | B8: Expenses | C8: Add Expense | D8: Add Expense | E8: Percentage split — must total 100% | F8: Same rule for percentages. | G8: Percentage split. | H8: 1. Set 50/30/15/5 2. Save (=100%) | I8: Sum = 100% | J8: Save allowed; per-user amounts computed; rounding handled within 0.01. | L8: High | M8: Critical | N8: Both | R8: Not Tested | X8: Not Required
A9: TC_EXP_05 | B9: Expenses | C9: Add Expense | D9: Add Expense | E9: Shares split — at least one share > 0 | F9: Members with 0 shares excluded. | G9: Shares split. | H9: 1. Member A:2, B:1, C:0, D:1 2. Save | I9: Mixed shares | J9: C excluded from split. Others split by 2:1:1. | L9: Medium | M9: Major | N9: Both | R9: Not Tested | X9: Not Required
A10: TC_EXP_06 | B10: Expenses | C10: Add Expense | D10: Add Expense | E10: Amount must be > 0 | F10: Validation. | G10: Add Expense open. | H10: 1. Amount: 0 OR -10 2. Try Save | I10: 0, -10 | J10: Error 'Amount must be greater than 0'. | L10: High | M10: Critical | N10: Both | R10: Not Tested | X10: Not Required
A11: TC_EXP_07 | B11: Expenses | C11: Add Expense | D11: Add Expense | E11: Very large amount (₹1 crore) handled | F11: Boundary. | G11: Add Expense open. | H11: 1. Amount: 10000000 2. Save | I11: 10000000 | J11: Stored as DECIMAL(15,2); UI shows correctly formatted '₹1,00,00,000.00'. | L11: Medium | M11: Major | N11: Both | R11: Not Tested | X11: Not Required
A12: TC_EXP_08 | B12: Expenses | C12: Add Expense | D12: Add Expense | E12: Decimal precision preserved (.01 paise) | F12: No floating point drift. | G12: Add Expense. | H12: 1. Amount: 100.07 2. Equal split among 3 → 33.36 / 33.36 / 33.35 3. Save | I12: 100.07 | J12: Sum equals 100.07. No 100.06 / 100.08 drift. | L12: High | M12: Critical | N12: Both | R12: Not Tested | X12: Not Required
A13: TC_EXP_09 | B13: Expenses | C13: Add Expense | D13: Add Expense | E13: Attach receipt from gallery | F13: Compress + base64. | G13: Photos permission allowed. | H13: 1. Add Expense → 📎 → Gallery 2. Pick photo 3. Save | I13: 5MB JPEG | J13: Image compresses to ≤2MB; expense saves; receipt thumbnail visible in detail. | L13: High | M13: Critical | N13: Both | R13: Not Tested | X13: Not Required
A14: TC_EXP_10 | B14: Expenses | C14: Add Expense | D14: Add Expense | E14: Attach receipt via camera | F14: Camera capture path. | G14: Camera permission allowed. | H14: 1. + → Camera → capture 2. Save expense | I14: n/a | J14: Captured image attached. Server accepts. | L14: High | M14: Critical | N14: Both | R14: Not Tested | X14: Not Required
A15: TC_EXP_11 | B15: Expenses | C15: Add Expense | D15: Add Expense | E15: Currency selector defaults to group currency | F15: Group currency takes precedence over user preference inside that group. | G15: Group currency = USD. | H15: 1. Add expense in group | I15: n/a | J15: Currency preset = USD. POST body has currency='USD' (code, not symbol). | L15: Medium | M15: Minor | N15: Both | R15: Not Tested | X15: Not Required
A16: TC_EXP_12 | B16: Expenses | C16: Add Expense | D16: Add Expense | E16: Date picker — pick past date | F16: Expense date independent of created_at. | G16: Add Expense open. | H16: 1. Tap date → pick yesterday 2. Save | I16: Yesterday | J16: Saved with expense_date=yesterday; created_at=now. | L16: High | M16: Critical | N16: Both | R16: Not Tested | X16: Not Required
... A24: TC_EXP_20 | B24: Expenses | C24: Categories | D24: Add Expense | E24: Category picker shows preset list and persists choice | F24: Categories like food, travel, etc. | G24: Add Expense open. | H24: 1. Tap category 2. Pick 'Food' 3. Save | I24: Food | J24: Category stored on expense; visible icon on the card. | L24: Medium | M24: Minor | N24: Both | R24: Not Tested | X24: Not Required

Sheet 07_Settlements
A1: 07 Settlements
A2: Record full/partial settlements, history, undo, cross-group settlements.
A4: Test Case ID | B4: Module Name | C4: Feature Name | D4: Screen Name | E4: Test Scenario | F4: Test Case Description | G4: Preconditions | H4: Test Steps | I4: Test Data | J4: Expected Result | K4: Actual Result | L4: Priority | M4: Severity | N4: Platform | O4: Device Name | P4: OS Version | Q4: Build Version | R4: Status | S4: Defect ID | T4: Bug Description | U4: Evidence Link | V4: Tester Name | W4: Testing Date | X4: Retest Status | Y4: Remarks
A5: TC_SET_01 | B5: Settlements | C5: Record Settlement | D5: Settle Up | E5: Settle full outstanding balance to a member | F5: Balance goes to zero. | G5: Owe ₹500 to Atharv in 'Goa Trip'. | H5: 1. Group → Settle Up → Atharv 2. Amount: 500 3. Save | I5: Amount: 500 | J5: Settlement recorded. Group balance with Atharv = 0. Activity log shows settlement. | L5: High | M5: Critical | N5: Both | R5: Not Tested | X5: Not Required
A6: TC_SET_02 | B6: Settlements | C6: Record Settlement | D6: Settle Up | E6: Partial settlement updates remaining balance | F6: Less than the owed amount. | G6: Owe ₹500. | H6: 1. Pay 200 | I6: Amount: 200 | J6: Remaining 300 still owed. Both sides reflect. | L6: High | M6: Critical | N6: Both | R6: Not Tested | X6: Not Required
A7: TC_SET_03 | B7: Settlements | C7: Record Settlement | D7: Settle Up | E7: Cannot settle more than owed (or warn) | F7: Validation/warning. | G7: Owe 100. | H7: 1. Try 200 | I7: Amount: 200 | J7: Either blocked OR warning 'This exceeds outstanding balance — continue?'. | L7: Medium | M7: Major | N7: Both | R7: Not Tested | X7: Not Required
A8: TC_SET_04 | B8: Settlements | C8: Settlement History | D8: Group Detail | E8: Settlement history list ordered newest first | F8: Audit trail. | G8: Multiple settlements exist. | H8: 1. Group → Settlements tab | I8: n/a | J8: Sorted descending by date. Shows payer/payee/amount/date. | L8: High | M8: Critical | N8: Both | R8: Not Tested | X8: Not Required
A9: TC_SET_05 | B9: Settlements | C9: Delete Settlement | D9: Settlement Detail | E9: Creator can undo settlement | F9: Soft delete reverses balances. | G9: Recent settlement created by current user. | H9: 1. Tap settlement → Delete → confirm | I9: n/a | J9: Settlement removed. Balances restored. | L9: High | M9: Major | N9: Both | R9: Not Tested | X9: Not Required
A10: TC_SET_06 | B10: Settlements | C10: Cross-group Settlement | D10: Settle Up | E10: Settle multiple groups owed to same person | F10: If supported, single settlement clears across groups. | G10: Owe Atharv in two groups. | H10: 1. Friends → Atharv → Settle 2. Confirm full amount | I10: n/a | J10: All groups with Atharv show balance = 0. | L10: Medium | M10: Major | N10: Both | R10: Not Tested | X10: Not Required

Sheet 08_Activity
A1: 08 Activity
A2: Feed display, type filters, unread badge, mark-as-read, deep links.
A4: Test Case ID | B4: Module Name | C4: Feature Name | D4: Screen Name | E4: Test Scenario | F4: Test Case Description | G4: Preconditions | H4: Test Steps | I4: Test Data | J4: Expected Result | K4: Actual Result | L4: Priority | M4: Severity | N4: Platform | O4: Device Name | P4: OS Version | Q4: Build Version | R4: Status | S4: Defect ID | T4: Bug Description | U4: Evidence Link | V4: Tester Name | W4: Testing Date | X4: Retest Status | Y4: Remarks
A5: TC_ACT_01 | B5: Activity | C5: Activity Feed | D5: Activity | E5: Recent events appear in feed | F5: Latest expense/settlement/group events. | G5: Logged in. | H5: 1. Open Activity tab | I5: n/a | J5: Feed populated; newest at top; relative timestamps. | L5: Medium | M5: Major | N5: Both | R5: Not Tested | X5: Not Required
A6: TC_ACT_02 | B6: Activity | C6: Filter | D6: Activity | E6: Filter by Expenses / Settlements / Groups | F6: Type filters. | G6: Mixed events. | H6: 1. Tap filter chip → Expenses 2. Switch to Settlements 3. Switch to Groups | I6: n/a | J6: Only matching events shown for each filter. | L6: Medium | M6: Major | N6: Both | R6: Not Tested | X6: Not Required
A7: TC_ACT_03 | B7: Activity | C7: Unread Badge | D7: Bottom Nav | E7: Unread count badge on Activity tab | F7: FCM/silent push events bump unread count. | G7: Other user added an expense. | H7: 1. Wait for push event 2. View bottom nav | I7: n/a | J7: Activity tab shows unread count. | L7: Medium | M7: Minor | N7: Both | R7: Not Tested | X7: Not Required
A8: TC_ACT_04 | B8: Activity | C8: Mark Read | D8: Activity | E8: Opening activity marks items read | F8: Best-effort PUT call. | G8: Unread items. | H8: 1. Open Activity tab | I8: n/a | J8: Badge clears. Items remain visible. | L8: Medium | M8: Minor | N8: Both | R8: Not Tested | X8: Not Required
A9: TC_ACT_05 | B9: Activity | C9: Deep Link | D9: Activity | E9: Tap on expense activity opens expense detail | F9: Routing. | G9: Expense activity row. | H9: 1. Tap row | I9: n/a | J9: Expense Detail opens with correct expense. | L9: Medium | M9: Major | N9: Both | R9: Not Tested | X9: Not Required

Sheet 09_Reports
A1: 09 Reports
A2: Charts, date ranges, PDF export, empty range handling.
A4: Test Case ID | B4: Module Name | C4: Feature Name | D4: Screen Name | E4: Test Scenario | F4: Test Case Description | G4: Preconditions | H4: Test Steps | I4: Test Data | J4: Expected Result | K4: Actual Result | L4: Priority | M4: Severity | N4: Platform | O4: Device Name | P4: OS Version | Q4: Build Version | R4: Status | S4: Defect ID | T4: Bug Description | U4: Evidence Link | V4: Tester Name | W4: Testing Date | X4: Retest Status | Y4: Remarks
A5: TC_RPT_01 | B5: Reports | C5: View Reports | D5: Reports | E5: Default report shows current month spending | F5: Bar/pie chart aggregates. | G5: Logged in. | H5: 1. Open Reports | I5: n/a | J5: Total spend, category breakdown, group-wise spend visible. | L5: Medium | M5: Major | N5: Both | R5: Not Tested | X5: Not Required
A6: TC_RPT_02 | B6: Reports | C6: Date Range | D6: Reports | E6: Switch range (Month / Year / Custom) | F6: Range filters. | G6: Reports open. | H6: 1. Tap range → Year 2. Tap → Custom → pick last 90 days | I6: n/a | J6: Charts refresh with new totals; no overlap on labels. | L6: Medium | M6: Major | N6: Both | R6: Not Tested | X6: Not Required
A7: TC_RPT_03 | B7: Reports | C7: Export PDF | D7: Reports | E7: Export current report as PDF | F7: Uses pdf package. | G7: Reports open. | H7: 1. Share/Export → PDF 2. Choose destination | I7: n/a | J7: PDF generated; readable; has app branding + date range. | L7: Medium | M7: Minor | N7: Both | R7: Not Tested | X7: Not Required
A8: TC_RPT_04 | B8: Reports | C8: Empty Range | D8: Reports | E8: Empty state when no data in range | F8: UX rule. | G8: Pick a range with no expenses. | H8: 1. Custom → years ago | I8: n/a | J8: Friendly empty state, not blank charts. | L8: Medium | M8: Minor | N8: Both | R8: Not Tested | X8: Not Required

Sheet 10_Friends
A1: 10 Friends
A2: Aggregate friend list, per-group breakdown, direct settle.
A4: Test Case ID | B4: Module Name | C4: Feature Name | D4: Screen Name | E4: Test Scenario | F4: Test Case Description | G4: Preconditions | H4: Test Steps | I4: Test Data | J4: Expected Result | K4: Actual Result | L4: Priority | M4: Severity | N4: Platform | O4: Device Name | P4: OS Version | Q4: Build Version | R4: Status | S4: Defect ID | T4: Bug Description | U4: Evidence Link | V4: Tester Name | W4: Testing Date | X4: Retest Status | Y4: Remarks
A5: TC_FRD_01 | B5: Friends | C5: Friends List | D5: Friends | E5: Friends list shows everyone with a non-zero shared balance | F5: Derived from group memberships. | G5: Multiple groups, shared members. | H5: 1. Open Friends tab | I5: n/a | J5: Each friend shows aggregated balance across all shared groups. | L5: Medium | M5: Major | N5: Both | R5: Not Tested | X5: Not Required
A6: TC_FRD_02 | B6: Friends | C6: Friend Detail | D6: Friend Detail | E6: Friend detail breaks down per group | F6: Per-group balance and recent activity. | G6: Tap a friend. | H6: 1. Tap friend | I6: n/a | J6: Shows per-group balance, group cards, settle-up CTA. | L6: Medium | M6: Major | N6: Both | R6: Not Tested | X6: Not Required
A7: TC_FRD_03 | B7: Friends | C7: Settle from Friend | D7: Friend Detail | E7: Settle button routes to /settle/:userId | F7: Direct settlement. | G7: Non-zero balance. | H7: 1. Tap Settle Up | I7: n/a | J7: Settle screen opens prefilled with that friend. | L7: Medium | M7: Major | N7: Both | R7: Not Tested | X7: Not Required

Sheet 11_API_Validation
A1: 11 API Validation
A2: Response envelope contract, auth headers, refresh token flow, rate limits, payload limits, pagination, cache.
A4: Test Case ID | B4: Module Name | C4: Feature Name | D4: Screen Name | E4: Test Scenario | F4: Test Case Description | G4: Preconditions | H4: Test Steps | I4: Test Data | J4: Expected Result | K4: Actual Result | L4: Priority | M4: Severity | N4: Platform | O4: Device Name | P4: OS Version | Q4: Build Version | R4: Status | S4: Defect ID | T4: Bug Description | U4: Evidence Link | V4: Tester Name | W4: Testing Date | X4: Retest Status | Y4: Remarks
A5: TC_API_01 | B5: API Validation | C5: Response Envelope | D5: n/a | E5: All successful responses are { success: true, data, message? } | F5: Contract verification. | G5: Charles/Proxyman attached. | H5: 1. Trigger any API call 2. Inspect response body | I5: n/a | J5: Body shape matches contract; client parses successfully. | L5: High | M5: Major | N5: Both | R5: Not Tested | X5: Not Required
A6: TC_API_02 | B6: API Validation | C6: Error Envelope | D6: n/a | E6: Errors come as { success: false, error, details? } | F6: Contract verification. | G6: Trigger 400/401/403/404. | H6: 1. Send a malformed POST | I6: n/a | J6: Backend returns error envelope; client surfaces error.message. | L6: High | M6: Major | N6: Both | R6: Not Tested | X6: Not Required
A7: TC_API_03 | B7: API Validation | C7: Auth Header | D7: n/a | E7: Authorization: Bearer <token> on every authenticated call | F7: Header attached by interceptor. | G7: Logged in. | H7: 1. Capture any /v1 request | I7: n/a | J7: Authorization header present with valid JWT. | L7: High | M7: Major | N7: Both | R7: Not Tested | X7: Not Required
A8: TC_API_04 | B8: API Validation | C8: 401 Refresh | D8: n/a | E8: On 401, /auth/refresh fires and original request retries once | F8: Interceptor logic. | G8: Access token expired. | H8: 1. Open any data screen | I8: n/a | J8: Sequence in proxy: 401 → POST /auth/refresh → original request retried. | L8: High | M8: Critical | N8: Both | R8: Not Tested | X8: Not Required
A9: TC_API_05 | B9: API Validation | C9: Rate Limit | D9: n/a | E9: 429 returned after exceeding rate limit | F9: 200 req/min global. | G9: Hit a single endpoint rapidly. | H9: 1. Loop 300 GET /expenses calls | I9: n/a | J9: From ~201st request, server returns 429 with retry-after. | L9: High | M9: Major | N9: Both | R9: Not Tested | X9: Not Required
A10: TC_API_06 | B10: API Validation | C10: Payload Size | D10: n/a | E10: Body > 2MB rejected with 413 | F10: express.json limit. | G10: Send a large base64 receipt. | H10: 1. Attach receipt 5MB pre-compression 2. Save expense | I10: n/a | J10: If client compresses → <2MB ok. If forced raw → 413 from server; UI shows friendly error. | L10: Medium | M10: Major | N10: Both | R10: Not Tested | X10: Not Required
A11: TC_API_07 | B11: API Validation | C11: TLS / HTTPS | D11: n/a | E11: All production API calls use HTTPS | F11: ATS / cleartext disabled. | G11: Release build pointed at production. | H11: 1. Inspect every URL in proxy | I11: n/a | J11: Every URL begins with https://. No cleartext traffic. | L11: High | M11: Critical | N11: Both | R11: Not Tested | X11: Not Required
A12: TC_API_08 | B12: API Validation | C12: Timeouts | D12: n/a | E12: Connection timeout after 10s; receive after 20s | F12: Dio timeouts in ApiConfig. | G12: Throttle network. | H12: 1. Block server 2. Trigger any call | I12: n/a | J12: Timeout error surfaced cleanly; retry available. | L12: Medium | M12: Major | N12: Both | R12: Not Tested | X12: Not Required
A13: TC_API_09 | B13: API Validation | C13: Pagination | D13: n/a | E13: List endpoints return pagination object | F13: { page, limit, total, hasMore }. | G13: Logged in. | H13: 1. GET /expenses?groupId=...&page=1&limit=20 | I13: n/a | J13: Response has pagination block; hasMore correctly true/false. | L13: High | M13: Major | N13: Both | R13: Not Tested | X13: Not Required
A14: TC_API_10 | B14: API Validation | C14: Cache Invalidation | D14: n/a | E14: Adding an expense invalidates dashboard balance immediately | F14: No stale read. | G14: Open Dashboard before adding expense. | H14: 1. Note balance 2. Add expense in another group 3. Pull-to-refresh Dashboard | I14: n/a | J14: Balance reflects new expense without waiting for TTL. | L14: High | M14: Major | N14: Both | R14: Not Tested | X14: Not Required

Sheet 12_Push_Notifications
A1: 12 Push Notifications
A2: Permission, FCM token registration, foreground/background/killed delivery, deep links.
A4: Test Case ID | B4: Module Name | C4: Feature Name | D4: Screen Name | E4: Test Scenario | F4: Test Case Description | G4: Preconditions | H4: Test Steps | I4: Test Data | J4: Expected Result | K4: Actual Result | L4: Priority | M4: Severity | N4: Platform | O4: Device Name | P4: OS Version | Q4: Build Version | R4: Status | S4: Defect ID | T4: Bug Description | U4: Evidence Link | V4: Tester Name | W4: Testing Date | X4: Retest Status | Y4: Remarks
A5: TC_PSH_01 | B5: Push Notifications | C5: FCM Permission | D5: Splash / Onboarding | E5: Permission prompt shown once on first launch | F5: POST_NOTIFICATIONS on Android 13+ / Apple permission on iOS. | G5: Fresh install. | H5: 1. Launch app 2. Observe permission prompt | I5: n/a | J5: Prompt shown. Choice persists. | L5: High | M5: Major | N5: Both | R5: Not Tested | X5: Not Required
A6: TC_PSH_02 | B6: Push Notifications | C6: FCM Token | D6: n/a | E6: FCM token registered with backend on login | F6: fcm_token saved on user. | G6: Logged in; permission granted. | H6: 1. Capture PATCH /users/me request | I6: n/a | J6: Body contains fcmToken. Backend stores it. | L6: High | M6: Major | N6: Both | R6: Not Tested | X6: Not Required
A7: TC_PSH_03 | B7: Push Notifications | C7: Foreground Push | D7: Any | E7: Notification when app is foreground shows in-app banner | F7: Local foreground display. | G7: App open in foreground. | H7: 1. Trigger a push from Firebase console | I7: n/a | J7: In-app banner/snackbar visible; no system tray on iOS. | L7: High | M7: Major | N7: Both | R7: Not Tested | X7: Not Required
A8: TC_PSH_04 | B8: Push Notifications | C8: Background Push | D8: n/a | E8: Push received while backgrounded — system notification shown | F8: Standard FCM. | G8: App backgrounded. | H8: 1. Send push | I8: n/a | J8: System notification with app icon. Tap navigates to deep link. | L8: High | M8: Major | N8: Both | R8: Not Tested | X8: Not Required
A9: TC_PSH_05 | B9: Push Notifications | C9: Killed App Push | D9: n/a | E9: Push received while app killed routes to correct screen on tap | F9: Cold start with intent. | G9: App force-stopped. | H9: 1. Send push 2. Tap notification | I9: n/a | J9: App opens directly to deep link (e.g. /home/groups/<id>). | L9: High | M9: Critical | N9: Both | R9: Not Tested | X9: Not Required
A10: TC_PSH_06 | B10: Push Notifications | C10: Notification Categories | D10: n/a | E10: Expense vs Settlement vs Member-added notifications styled correctly | F10: Different message bodies and routes. | G10: Trigger each type. | H10: 1. Send three different types | I10: n/a | J10: Each shows correct title, body, and routes correctly on tap. | L10: High | M10: Major | N10: Both | R10: Not Tested | X10: Not Required
A11: TC_PSH_07 | B11: Push Notifications | C11: Denied Permission | D11: Any | E11: Denying notifications doesn't crash; app still works | F11: Permission denial gracefully handled. | G11: Permission denied. | H11: 1. Use the app | I11: n/a | J11: All flows work; an in-app prompt encourages re-enabling. | L11: Medium | M11: Major | N11: Both | R11: Not Tested | X11: Not Required

Sheet 13_Deep_Links
A1: 13 Deep Links
A2: WhatsApp invite link → registration → join, push deep links, invalid route handling.
A4: Test Case ID | B4: Module Name | C4: Feature Name | D4: Screen Name | E4: Test Scenario | F4: Test Case Description | G4: Preconditions | H4: Test Steps | I4: Test Data | J4: Expected Result | K4: Actual Result | L4: Priority | M4: Severity | N4: Platform | O4: Device Name | P4: OS Version | Q4: Build Version | R4: Status | S4: Defect ID | T4: Bug Description | U4: Evidence Link | V4: Tester Name | W4: Testing Date | X4: Retest Status | Y4: Remarks
A5: TC_DL_01 | B5: Deep Links | C5: WhatsApp Invite Link | D5: n/a | E5: Tapping invite link routes to Onboarding/Register with prefilled group join | F5: Invite delivered via WATI carries a deep link. | G5: WATI invite received. | H5: 1. Tap link from WhatsApp 2. Follow registration | I5: n/a | J5: Post-registration, user lands in the inviting group automatically. | L5: Medium | M5: Major | N5: Both | R5: Not Tested | X5: Not Required
A6: TC_DL_02 | B6: Deep Links | C6: Push Deep Link | D6: n/a | E6: Push payload route='/home/groups/<id>' opens that group | F6: Notification router. | G6: Push received. | H6: 1. Tap push | I6: n/a | J6: App opens Group Detail for the right group. | L6: Medium | M6: Major | N6: Both | R6: Not Tested | X6: Not Required
A7: TC_DL_03 | B7: Deep Links | C7: Invalid Deep Link | D7: n/a | E7: Bad route shown as 'Not Found' instead of crashing | F7: Graceful 404. | G7: Send a push with route='/garbage'. | H7: 1. Tap notification | I7: n/a | J7: App opens Dashboard or a 'Not Found' screen; no crash. | L7: High | M7: Major | N7: Both | R7: Not Tested | X7: Not Required

Sheet 14_Permissions
A1: 14 Permissions
A2: Camera, Photos, Contacts, Notifications + hygiene checks for Microphone/Location/Bluetooth.
A4: Test Case ID | B4: Module Name | C4: Feature Name | D4: Screen Name | E4: Test Scenario | F4: Test Case Description | G4: Preconditions | H4: Test Steps | I4: Test Data | J4: Expected Result | K4: Actual Result | L4: Priority | M4: Severity | N4: Platform | O4: Device Name | P4: OS Version | Q4: Build Version | R4: Status | S4: Defect ID | T4: Bug Description | U4: Evidence Link | V4: Tester Name | W4: Testing Date | X4: Retest Status | Y4: Remarks
A5: TC_PRM_01 | B5: Permissions | C5: Camera | D5: Add Expense | E5: First camera use shows OS prompt with usage description | F5: iOS NSCameraUsageDescription / Android camera runtime permission. | G5: Camera never used before. | H5: 1. Add Expense → 📎 → Camera | I5: n/a | J5: OS prompt shows reason; Allow opens camera; Deny stays on Add Expense. | L5: High | M5: Major | N5: Both | R5: Not Tested | X5: Not Required
A6: TC_PRM_02 | B6: Permissions | C6: Camera Denied | D6: Add Expense | E6: Camera denied → in-app banner + Settings deep link | F6: Don't repeatedly nag; guide user. | G6: Camera permission denied permanently. | H6: 1. Tap Camera | I6: n/a | J6: Banner 'Camera access needed — open Settings'. Tapping opens app settings. | L6: High | M6: Major | N6: Both | R6: Not Tested | X6: Not Required
A7: TC_PRM_03 | B7: Permissions | C7: Photos / Gallery | D7: Add Expense | E7: Photo permission prompt with correct iOS strings (read + add-only) | F7: Two iOS usage strings: NSPhotoLibrary + NSPhotoLibraryAddOnly. | G7: Fresh install. | H7: 1. Tap Gallery to pick receipt 2. Try Save as image elsewhere | I7: n/a | J7: Read prompt shown when picking; add-only when saving; correct usage text from Info.plist. | L7: High | M7: Major | N7: Both | R7: Not Tested | X7: Not Required
A8: TC_PRM_04 | B8: Permissions | C8: Contacts | D8: Add Members | E8: Contacts permission prompt with usage text | F8: NSContactsUsageDescription. | G8: Fresh install. | H8: 1. Create Group → Add from contacts | I8: n/a | J8: OS prompt shown; Allow lists contacts; Deny shows manual phone entry option. | L8: High | M8: Major | N8: Both | R8: Not Tested | X8: Not Required
A9: TC_PRM_05 | B9: Permissions | C9: Notifications | D9: First Launch | E9: Notification permission requested at right moment | F9: Not too aggressive — should explain value first. | G9: Fresh install. | H9: 1. Launch app first time | I9: n/a | J9: Prompt shown after a soft pre-prompt explaining benefit (not blindly on launch). | L9: Medium | M9: Major | N9: Both | R9: Not Tested | X9: Not Required
A10: TC_PRM_06 | B10: Permissions | C10: Microphone | D10: n/a (if voice notes) | E10: If feature absent — no Microphone permission declared | F10: Hygiene: don't ask for what you don't use. | G10: Inspect Info.plist + AndroidManifest. | H10: 1. Inspect manifests | I10: n/a | J10: No Microphone permission strings unless feature exists. | L10: Medium | M10: Minor | N10: Both | R10: Not Tested | X10: Not Required
A11: TC_PRM_07 | B11: Permissions | C11: Location | D11: n/a | E11: Location permission NOT requested (app doesn't use it) | F11: Hygiene. | G11: Inspect manifests. | H11: 1. Inspect | I11: n/a | J11: No location strings or permissions present. | L11: Medium | M11: Minor | N11: Both | R11: Not Tested | X11: Not Required
A12: TC_PRM_08 | B12: Permissions | C12: Bluetooth | D12: n/a | E12: Bluetooth permission NOT requested | F12: Hygiene. | G12: Inspect manifests. | H12: 1. Inspect | I12: n/a | J12: No bluetooth permission present. | L12: Low | M12: Minor | N12: Both | R12: Not Tested | X12: Not Required

Sheet 15_Offline_Network
A1: 15 Offline Network
A2: Offline banner, mutation block, reconnect, slow 3G degradation, cached reads.
A4: Test Case ID | B4: Module Name | C4: Feature Name | D4: Screen Name | E4: Test Scenario | F4: Test Case Description | G4: Preconditions | H4: Test Steps | I4: Test Data | J4: Expected Result | K4: Actual Result | L4: Priority | M4: Severity | N4: Platform | O4: Device Name | P4: OS Version | Q4: Build Version | R4: Status | S4: Defect ID | T4: Bug Description | U4: Evidence Link | V4: Tester Name | W4: Testing Date | X4: Retest Status | Y4: Remarks
A5: TC_OFF_01 | B5: Offline / Network | C5: Offline Banner | D5: Global | E5: Banner appears when device goes offline | F5: ConnectivityService + OfflineBanner overlay. | G5: Network on. | H5: 1. Enable airplane mode | I5: n/a | J5: Banner 'You're offline' appears within 3s at top of every route. | L5: High | M5: Major | N5: Both | R5: Not Tested | X5: Not Required
A6: TC_OFF_02 | B6: Offline / Network | C6: Offline Mutation Block | D6: Add Expense | E6: Save attempts blocked offline with friendly message | F6: OfflineInterceptor short-circuits Dio calls. | G6: Offline. | H6: 1. Add Expense → Save | I6: n/a | J6: Snackbar 'You're offline — try again when connected'. Form retains data. | L6: High | M6: Major | N6: Both | R6: Not Tested | X6: Not Required
A7: TC_OFF_03 | B7: Offline / Network | C7: Reconnect | D7: Global | E7: Banner dismisses + queued actions retry on reconnect | F7: Reconnection handling. | G7: Offline. | H7: 1. Disable airplane mode 2. Wait 5s | I7: n/a | J7: Banner dismisses. Pending data reloads. | L7: High | M7: Major | N7: Both | R7: Not Tested | X7: Not Required
A8: TC_OFF_04 | B8: Offline / Network | C8: Slow 3G | D8: Dashboard | E8: App degrades gracefully on slow networks | F8: Shimmer + timeout handling. | G8: Network throttled to Slow 3G. | H8: 1. Open Dashboard | I8: n/a | J8: Loading state visible; eventual success or graceful timeout error. | L8: Medium | M8: Major | N8: Both | R8: Not Tested | X8: Not Required
A9: TC_OFF_05 | B9: Offline / Network | C9: Cached Reads | D9: Groups | E9: Cached group list visible while offline (if cache implemented) | F9: Last fetched data preserved. | G9: Visited Groups once online. | H9: 1. Go offline 2. Open Groups | I9: n/a | J9: List shown (stale flag if applicable). Tap details: 'Cached — offline' notice. | L9: Medium | M9: Minor | N9: Both | R9: Not Tested | X9: Not Required

Sheet 16_Performance
A1: 16 Performance
A2: Cold/hot start, scroll performance, memory, network call efficiency.
A4: Test Case ID | B4: Module Name | C4: Feature Name | D4: Screen Name | E4: Test Scenario | F4: Test Case Description | G4: Preconditions | H4: Test Steps | I4: Test Data | J4: Expected Result | K4: Actual Result | L4: Priority | M4: Severity | N4: Platform | O4: Device Name | P4: OS Version | Q4: Build Version | R4: Status | S4: Defect ID | T4: Bug Description | U4: Evidence Link | V4: Tester Name | W4: Testing Date | X4: Retest Status | Y4: Remarks
A5: TC_PRF_01 | B5: Performance | C5: Cold Start | D5: Splash | E5: Cold start TTID < 3 s on a mid-range device | F5: Time to interactive Dashboard. | G5: App fresh launch. | H5: 1. Force-stop app 2. Tap icon 3. Measure time to Dashboard | I5: Mid-range Android (Snapdragon 6-series) / iPhone SE | J5: Under 3 seconds in best case, under 5 seconds in cold cache. | L5: Medium | M5: Major | N5: Both | R5: Not Tested | X5: Not Required
A6: TC_PRF_02 | B6: Performance | C6: Hot Start | D6: Any | E6: Returning to foreground is instant (<500ms) | F6: No reload on resume. | G6: App backgrounded. | H6: 1. Background app 2. Resume | I6: n/a | J6: App resumes to previous screen instantly. | L6: Medium | M6: Major | N6: Both | R6: Not Tested | X6: Not Required
A7: TC_PRF_03 | B7: Performance | C7: Scroll Performance | D7: Expenses list | E7: 60fps scrolling on 200+ items | F7: ListView.builder hygiene. | G7: Group with 200+ expenses. | H7: 1. Flick-scroll the list | I7: n/a | J7: No visible jank. Profiler shows >55fps avg. | L7: Medium | M7: Major | N7: Both | R7: Not Tested | X7: Not Required
A8: TC_PRF_04 | B8: Performance | C8: Memory | D8: Any | E8: Memory usage stays under 250MB during typical session | F8: Image cache hygiene. | G8: Use app for ~10 minutes. | H8: 1. Open all main flows 2. Inspect profiler | I8: n/a | J8: Memory remains stable; no leak per route. | L8: Medium | M8: Major | N8: Both | R8: Not Tested | X8: Not Required
A9: TC_PRF_05 | B9: Performance | C9: Network Efficiency | D9: n/a | E9: No N+1 calls — list views fetch in single request + batched children | F9: Verified via proxy. | G9: Proxy attached. | H9: 1. Open Group Detail (50 expenses) | I9: n/a | J9: 1 list call + 1 batched participants call. NOT 50 per-expense calls. | L9: Medium | M9: Major | N9: Both | R9: Not Tested | X9: Not Required

Sheet 17_Security
A1: 17 Security
A2: Token storage at rest, HTTPS enforcement, app-switcher privacy, ACL enforcement, XSS sanitization.
A4: Test Case ID | B4: Module Name | C4: Feature Name | D4: Screen Name | E4: Test Scenario | F4: Test Case Description | G4: Preconditions | H4: Test Steps | I4: Test Data | J4: Expected Result | K4: Actual Result | L4: Priority | M4: Severity | N4: Platform | O4: Device Name | P4: OS Version | Q4: Build Version | R4: Status | S4: Defect ID | T4: Bug Description | U4: Evidence Link | V4: Tester Name | W4: Testing Date | X4: Retest Status | Y4: Remarks
A5: TC_SEC_01 | B5: Security | C5: Token Storage | D5: n/a | E5: Access/refresh tokens stored in Keychain (iOS) / Keystore (Android) | F5: flutter_secure_storage used. | G5: Logged in. | H5: 1. Inspect device-level storage (rooted device or emulator) | I5: n/a | J5: Tokens NOT in SharedPreferences/UserDefaults plain. Encrypted at rest. | L5: High | M5: Critical | N5: Both | R5: Not Tested | X5: Not Required
A6: TC_SEC_02 | B6: Security | C6: HTTPS Enforcement | D6: n/a | E6: App refuses HTTP for production base URL | F6: ATS + usesCleartextTraffic=false. | G6: Try forcing HTTP via proxy. | H6: 1. Set proxy to redirect to http://... | I6: n/a | J6: Connection blocked. App surfaces error. | L6: High | M6: Critical | N6: Both | R6: Not Tested | X6: Not Required
A7: TC_SEC_03 | B7: Security | C7: App Switcher Privacy | D7: Any | E7: Sensitive screens blurred in app switcher | F7: Finance app rule. | G7: On Dashboard. | H7: 1. Open app switcher (iOS/Android) | I7: n/a | J7: Snapshot blurred / hidden balances. | L7: High | M7: Critical | N7: Both | R7: Not Tested | X7: Not Required
A8: TC_SEC_04 | B8: Security | C8: Log Hygiene | D8: n/a | E8: Release build does not log JWTs, OTPs, passwords | F8: Inspect logcat / Console. | G8: Release build installed. | H8: 1. Trigger login flow 2. View logs | I8: n/a | J8: No raw secrets in logs. | L8: High | M8: Critical | N8: Both | R8: Not Tested | X8: Not Required
A9: TC_SEC_05 | B9: Security | C9: Deeplink Auth Gate | D9: n/a | E9: Authenticated routes blocked when not logged in | F9: Direct deep link without auth must redirect to login. | G9: Logged out. | H9: 1. Tap an FCM link for /home/groups/<id> | I9: n/a | J9: App routes to Login first; after login, lands on target. | L9: High | M9: Critical | N9: Both | R9: Not Tested | X9: Not Required
A10: TC_SEC_06 | B10: Security | C10: Cross-User Authorization | D10: n/a | E10: Group A admin cannot edit/delete expenses in Group B | F10: Backend ACLs. | G10: Two groups, two users. | H10: 1. As admin of A, attempt PUT /expenses/<id from B> | I10: n/a | J10: 403 returned. UI shows access denied if attempted via link. | L10: High | M10: Critical | N10: Both | R10: Not Tested | X10: Not Required
A11: TC_SEC_07 | B11: Security | C11: Input Sanitization | D11: Various | E11: Group name with HTML/script tags rendered as plain text | F11: No XSS in displayed text. | G11: Logged in. | H11: 1. Create group with name '<script>alert(1)</script>' | I11: Malicious name | J11: Displayed as literal characters. No execution. | L11: High | M11: Critical | N11: Both | R11: Not Tested | X11: Not Required
A12: TC_SEC_08 | B12: Security | C12: Rate-Limited Endpoints | D12: n/a | E12: Login / OTP / Reset password each rate-limited per phone | F12: Prevents brute force. | G12: n/a | H12: 1. Spam OTP request for same phone | I12: Same phone, rapid taps | J12: Backend trips rate limit. UI shows cool-down. | L12: High | M12: Critical | N12: Both | R12: Not Tested | X12: Not Required

Sheet 18_Payment
A1: 18 Payment
A2: Placeholder — no payment integration currently. Replace when UPI/Stripe is added.
A4: Test Case ID | B4: Module Name | C4: Feature Name | D4: Screen Name | E4: Test Scenario | F4: Test Case Description | G4: Preconditions | H4: Test Steps | I4: Test Data | J4: Expected Result | K4: Actual Result | L4: Priority | M4: Severity | N4: Platform | O4: Device Name | P4: OS Version | Q4: Build Version | R4: Status | S4: Defect ID | T4: Bug Description | U4: Evidence Link | V4: Tester Name | W4: Testing Date | X4: Retest Status | Y4: Remarks
A5: TC_PAY_01 | B5: Payment Flow | C5: Payment Integration | D5: n/a | E5: NOT APPLICABLE — app records settlements, no payment gateway in current scope | F5: Add cases here when UPI / Stripe / Razorpay is integrated. | G5: n/a | H5: n/a | I5: n/a | J5: Mark as N/A unless a payment gateway is wired. | L5: Low | M5: Minor | N5: Both | R5: Not Tested | X5: Not Required | Y5: Placeholder for future payment integration.

Sheet 19_Subscription
A1: 19 Subscription
A2: Placeholder — no subscription tier currently. Replace when Pro plans are added.
A4: Test Case ID | B4: Module Name | C4: Feature Name | D4: Screen Name | E4: Test Scenario | F4: Test Case Description | G4: Preconditions | H4: Test Steps | I4: Test Data | J4: Expected Result | K4: Actual Result | L4: Priority | M4: Severity | N4: Platform | O4: Device Name | P4: OS Version | Q4: Build Version | R4: Status | S4: Defect ID | T4: Bug Description | U4: Evidence Link | V4: Tester Name | W4: Testing Date | X4: Retest Status | Y4: Remarks
A5: TC_SUB_01 | B5: Subscription | C5: Subscription | D5: n/a | E5: NOT APPLICABLE — no subscription tier in current product | F5: Add cases here when Pro/Premium plans are introduced. | G5: n/a | H5: n/a | I5: n/a | J5: Mark as N/A unless subscription feature is built. | L5: Low | M5: Minor | N5: Both | R5: Not Tested | X5: Not Required | Y5: Placeholder for future subscription tier.

Sheet 20_Settings
A1: 20 Settings
A2: Theme switcher, currency default, notification preferences, account deletion, legal links.
A4: Test Case ID | B4: Module Name | C4: Feature Name | D4: Screen Name | E4: Test Scenario | F4: Test Case Description | G4: Preconditions | H4: Test Steps | I4: Test Data | J4: Expected Result | K4: Actual Result | L4: Priority | M4: Severity | N4: Platform | O4: Device Name | P4: OS Version | Q4: Build Version | R4: Status | S4: Defect ID | T4: Bug Description | U4: Evidence Link | V4: Tester Name | W4: Testing Date | X4: Retest Status | Y4: Remarks
A5: TC_STG_01 | B5: Settings | C5: Theme | D5: Settings | E5: Switch theme: system / light / dark | F5: ThemeMode applied app-wide. | G5: Logged in. | H5: 1. Settings → Theme → Dark 2. Restart app | I5: Dark | J5: Dark theme persists across restart. UI passes contrast checks. | L5: Medium | M5: Minor | N5: Both | R5: Not Tested | X5: Not Required
A6: TC_STG_02 | B6: Settings | C6: Currency Default | D6: Settings | E6: Default currency preference | F6: Persists to user profile. | G6: Logged in. | H6: 1. Settings → Currency → USD 2. Re-open Add Expense without group | I6: USD | J6: Add Expense defaults to USD. | L6: Medium | M6: Minor | N6: Both | R6: Not Tested | X6: Not Required
A7: TC_STG_03 | B7: Settings | C7: Notifications | D7: Settings | E7: Toggle push categories (expenses / settlements / invites) | F7: Per-category opt-out. | G7: Logged in. | H7: 1. Settings → Notifications 2. Toggle off Invites | I7: Invites OFF | J7: User does not receive invite-type pushes (verify via console send). | L7: Medium | M7: Minor | N7: Both | R7: Not Tested | X7: Not Required
A8: TC_STG_04 | B8: Settings | C8: Delete Account | D8: Settings | E8: Delete account with confirmation (regulatory requirement) | F8: Soft delete + token revocation. | G8: Logged in. | H8: 1. Settings → Delete Account → confirm twice | I8: n/a | J8: Account soft-deleted. User logged out. Re-registering with same phone shows fresh state. | L8: High | M8: Critical | N8: Both | R8: Not Tested | X8: Not Required
A9: TC_STG_05 | B9: Settings | C9: About / Legal | D9: Settings | E9: Terms of Service and Privacy Policy links open in browser | F9: Legal compliance. | G9: Settings open. | H9: 1. Tap Terms of Service 2. Back 3. Tap Privacy Policy | I9: n/a | J9: Both open valid pages in external browser. | L9: Medium | M9: Minor | N9: Both | R9: Not Tested | X9: Not Required

Sheet 21_Crash_Exception
A1: 21 Crash Exception
A2: Crashlytics pipeline, graceful recovery, malformed data, low-memory, rotation.
A4: Test Case ID | B4: Module Name | C4: Feature Name | D4: Screen Name | E4: Test Scenario | F4: Test Case Description | G4: Preconditions | H4: Test Steps | I4: Test Data | J4: Expected Result | K4: Actual Result | L4: Priority | M4: Severity | N4: Platform | O4: Device Name | P4: OS Version | Q4: Build Version | R4: Status | S4: Defect ID | T4: Bug Description | U4: Evidence Link | V4: Tester Name | W4: Testing Date | X4: Retest Status | Y4: Remarks
A5: TC_CRS_01 | B5: Crash & Exception | C5: Crashlytics Init | D5: Splash | E5: Crashlytics records a forced test crash | F5: Verify Crashlytics pipeline. | G5: Release build with Crashlytics enabled. | H5: 1. Trigger forced crash button (debug hidden gesture if exists) 2. Reopen 3. Check Firebase Crashlytics console after 10 min | I5: n/a | J5: Crash visible in Crashlytics with stack trace. | L5: High | M5: Critical | N5: Both | R5: Not Tested | X5: Not Required
A6: TC_CRS_02 | B6: Crash & Exception | C6: Graceful Recovery | D6: Various | E6: Forced kill mid-form preserves draft (if implemented) | F6: Draft-save behavior. | G6: On Add Expense. | H6: 1. Fill some fields 2. Force-stop 3. Reopen | I6: n/a | J6: Draft restored OR clean form depending on spec — must not crash. | L6: Medium | M6: Major | N6: Both | R6: Not Tested | X6: Not Required
A7: TC_CRS_03 | B7: Crash & Exception | C7: Malformed Backend Data | D7: Various | E7: Unexpected response shape does not crash UI | F7: fromJson resilience. | G7: Proxy injects malformed response. | H7: 1. Rewrite response to remove a required field 2. Open the screen | I7: Malformed JSON | J7: Error state shown; no crash. | L7: High | M7: Critical | N7: Both | R7: Not Tested | X7: Not Required
A8: TC_CRS_04 | B8: Crash & Exception | C8: Low Memory Kill | D8: Various | E8: App resumes correctly after OS reclaims it | F8: Android low-memory recreation. | G8: App backgrounded; trigger Don't Keep Activities (Dev options). | H8: 1. Open developer Don't Keep Activities 2. Open app → go to Group Detail 3. Background 4. Open another heavy app to trigger memory pressure 5. Resume | I8: n/a | J8: App resumes to Group Detail with state intact; no white screen or crash. | L8: High | M8: Major | N8: Android | R8: Not Tested | X8: Not Required
A9: TC_CRS_05 | B9: Crash & Exception | C9: Rotation | D9: Add Expense | E9: Rotation preserves form fields | F9: configChanges declared in manifest. | G9: Add Expense partially filled. | H9: 1. Rotate to landscape 2. Rotate back | I9: n/a | J9: Form values preserved. | L9: High | M9: Critical | N9: Both | R9: Not Tested | X9: Not Required

Sheet 22_Cross_Platform
A1: 22 Cross Platform
A2: Android-specific (versions, edge-to-edge, predictive back) + iOS-specific (versions, Dynamic Type, Privacy Manifest, iPad).
A4: Test Case ID | B4: Module Name | C4: Feature Name | D4: Screen Name | E4: Test Scenario | F4: Test Case Description | G4: Preconditions | H4: Test Steps | I4: Test Data | J4: Expected Result | K4: Actual Result | L4: Priority | M4: Severity | N4: Platform | O4: Device Name | P4: OS Version | Q4: Build Version | R4: Status | S4: Defect ID | T4: Bug Description | U4: Evidence Link | V4: Tester Name | W4: Testing Date | X4: Retest Status | Y4: Remarks
A5: TC_AND_01 | B5: Cross-Platform | C5: Android Versions | D5: Global | E5: Smoke test on Android 10 / 12 / 14 | F5: Cover spread of API levels. | G5: Devices/emulators available. | H5: 1. Install build on each 2. Run smoke flow: login → group → add expense → settle | I5: n/a | J5: Smoke flow passes on all three. | L5: High | M5: Major | N5: Android | R5: Not Tested | X5: Not Required
A6: TC_AND_02 | B6: Cross-Platform | C6: Edge-to-Edge | D6: Global | E6: Android 15 enforces edge-to-edge — no overlap with system bars | F6: Status/nav bars compensate. | G6: Android 15 device. | H6: 1. Open every primary screen | I6: n/a | J6: Content respects safe insets; no clipped buttons. | L6: High | M6: Major | N6: Android | R6: Not Tested | X6: Not Required
A7: TC_AND_03 | B7: Cross-Platform | C7: Back Predictive | D7: Global | E7: Android 14+ predictive back animation does not crash routes | F7: go_router back behavior. | G7: Predictive back enabled. | H7: 1. Swipe predictive back from each screen | I7: n/a | J7: Animation smooth; no exceptions. | L7: Medium | M7: Major | N7: Android | R7: Not Tested | X7: Not Required
A8: TC_IOS_01 | B8: Cross-Platform | C8: iOS Versions | D8: Global | E8: Smoke test on iOS 15 / 16 / 17 / 18 | F8: Min target is iOS 15.0. | G8: Multiple devices/simulators. | H8: 1. Install build on each 2. Run smoke flow | I8: n/a | J8: Smoke passes on all supported versions. | L8: High | M8: Major | N8: iOS | R8: Not Tested | X8: Not Required
A9: TC_IOS_02 | B9: Cross-Platform | C9: Dynamic Type | D9: Global | E9: App scales with iOS Dynamic Type (Large → AX1) | F9: Accessibility. | G9: Settings → Accessibility → Text Size. | H9: 1. Set largest accessibility text 2. Open all screens | I9: n/a | J9: No truncated buttons; layout reflows; no overlap. | L9: Medium | M9: Major | N9: iOS | R9: Not Tested | X9: Not Required
A10: TC_IOS_03 | B10: Cross-Platform | C10: Privacy Manifest | D10: n/a | E10: PrivacyInfo.xcprivacy declares all collected data + required reason APIs | F10: Apple privacy requirement for new submissions. | G10: Build artifact. | H10: 1. Validate via Xcode → Build → Validate App 2. Inspect PrivacyInfo.xcprivacy | I10: n/a | J10: No warnings/errors. Categories: Phone, Name, Email, Photos, Contacts, DeviceID, UserContent, CrashData. APIs: UserDefaults, FileTimestamp, DiskSpace, SystemBootTime. | L10: High | M10: Major | N10: iOS | R10: Not Tested | X10: Not Required
A11: TC_IOS_04 | B11: Cross-Platform | C11: Tablet Layout | D11: Global | E11: iPad layout uses Standard (sidebar) layout | F11: Width >= 600. | G11: iPad device/simulator. | H11: 1. Run on iPad | I11: n/a | J11: Sidebar visible, content centered. Rotation preserves layout. | L11: High | M11: Major | N11: iOS | R11: Not Tested | X11: Not Required
A12: TC_IOS_05 | B12: Cross-Platform | C12: Background Modes | D12: n/a | E12: Remote notifications and fetch background modes declared | F12: UIBackgroundModes in Info.plist. | G12: Inspect Info.plist. | H12: 1. Read Info.plist | I12: n/a | J12: remote-notification + fetch declared. App receives push when backgrounded. | L12: Medium | M12: Major | N12: iOS | R12: Not Tested | X12: Not Required

Sheet 23_Regression_Checklist
A1: Regression Smoke Checklist
A2: Tick every item before approving a release. ANY 'Fail' must be triaged and linked to a defect in '26_Bug_Tracker' before sign-off.
A4: # | B4: Checkpoint | C4: Status | D4: Tester | E4: Notes
A5: 1 | B5: Cold start launches successfully without crash (Android + iOS)
A6: 2 | B6: Login with valid credentials succeeds
A7: 3 | B7: Token refresh works silently on 401
A8: 4 | B8: Logout clears all tokens and returns to Login
A9: 5 | B9: Dashboard shows correct aggregate balances
A10: 6 | B10: Create Group → add member → add expense → settle (golden path)
A11: 7 | B11: Equal/Exact/Percentage/Shares splits compute correctly
A12: 8 | B12: Edit and Delete expense respect permission rules
A13: 9 | B13: Receipt image uploads under 2MB after compression
A14: 10 | B14: Push notification received and tappable (foreground/background/killed)
A15: 11 | B15: Offline banner appears + dismisses appropriately
A16: 12 | B16: Three responsive layouts render on phone/tablet/web
... A24: 20 | B24: Build version + version code match release plan

Sheet 24_UAT_Signoff
A1: UAT Sign-off
A2: Stakeholder sign-off for the release candidate. Each signatory confirms they have reviewed the relevant area + bug tracker before approving.
A4: Role | B4: Name | C4: Approval | D4: Date | E4: Comments / Conditions
A5: QA Lead
A6: Engineering Lead
A7: Product Manager
A8: Backend Lead
A9: Mobile Lead
A10: Designer
A11: Business Sponsor

Sheet 25_Release_Readiness
A1: Release Readiness Checklist
A2: Final go / no-go check before pushing to Play Store / App Store. ALL rows must be Yes (or explicit N/A) to ship.
A4: Area | B4: Checkpoint | C4: Status | D4: Owner | E4: Notes
A5: Code Quality | B5: All Lint warnings resolved (flutter analyze / eslint)
A6: Code Quality | B6: All TODO/FIXME for this release tracked in tickets
A7: Tests | B7: Regression checklist 100% Pass
A8: Tests | B8: No Critical or Major open defects
A9: Tests | B9: No more than 3 Minor open defects, each accepted by PM
A10: Performance | B10: Cold start < 3s on target devices
A11: Performance | B11: No memory leak in 30 min usage session
A12: Security | B12: No secrets in source or release logs
A13: Security | B13: HTTPS enforced; cleartext disabled
A14: Security | B14: .env file not present on any branch (history scrubbed)
A15: iOS | B15: Privacy Manifest validated by Xcode upload check
A16: iOS | B16: App Privacy questions in App Store Connect match manifest
... A30: Store Listing | B30: Privacy Policy + Terms URL reachable

Sheet 26_Bug_Tracker
A1: Defect / Bug Tracker
A2: Single source of truth for defects from this release cycle. Defect IDs in this sheet are referenced from the 'Defect ID' column on every test case sheet.
A4: Defect ID | B4: Reported Date | C4: Reporter | D4: Title | E4: Steps to Reproduce | F4: Expected | G4: Actual | H4: Linked Test Case ID | I4: Module | J4: Platform | K4: Device / OS | L4: Build Version | M4: Severity | N4: Priority | O4: Assigned To | P4: Status | Q4: Resolution | R4: Fixed In Build | S4: Verified By | T4: Closed Date | U4: Evidence Link | V4: Remarks
A5: BUG_001 | D5: Sign-up succeeds but OTP screen does not auto-receive SMS (Android 14) | E5: 1. Open Register 2. Enter valid name + phone 3. Tap Continue | F5: OTP autofills via SMS Retriever | G5: OTP screen opens but autofill never fires; manual entry works | H5: TC_AUTH_19 | I5: Authentication | J5: Android | K5: Pixel 6 / Android 14 | L5: 3.2.1+20 | M5: Minor | N5: Medium | P5: Open
A6: BUG_002 | D6: Exact split allows save when sum is 0.005 off | E6: 1. Add Expense → Exact split 2. Amount 1000 3. Splits sum 999.995 | F6: Save blocked — splits must equal total | G6: Save accepted; backend stores mismatched splits | H6: TC_EXP_03 | I6: Expenses | J6: Both | K6: iPhone 13 / iOS 17.5 | L6: 3.2.1+20 | M6: Major | N6: High | P6: Open

Sheet 27_Test_Summary
A1: Live Test Summary Dashboard
A2: Each row counts Status values from the Status column (column R) of each module sheet. Numbers update live as testers fill in the workbook.
A4: Module Sheet | B4: Pass | C4: Fail | D4: Blocked | E4: Not Tested | F4: Total
A5: 01_Authentication | B5: =COUNTIF('01_Authentication'!$R:$R,"Pass") | C5: =COUNTIF('01_Authentication'!$R:$R,"Fail") | D5: =COUNTIF('01_Authentication'!$R:$R,"Blocked") | E5: =COUNTIF('01_Authentication'!$R:$R,"Not Tested") | F5: =SUM(B5:E5)
A6: 02_User_Profile | B6: =COUNTIF('02_User_Profile'!$R:$R,"Pass") | C6: =COUNTIF('02_User_Profile'!$R:$R,"Fail") | D6: =COUNTIF('02_User_Profile'!$R:$R,"Blocked") | E6: =COUNTIF('02_User_Profile'!$R:$R,"Not Tested") | F6: =SUM(B6:E6)
A7: 03_Dashboard | B7: =COUNTIF('03_Dashboard'!$R:$R,"Pass") | C7: =COUNTIF('03_Dashboard'!$R:$R,"Fail") | D7: =COUNTIF('03_Dashboard'!$R:$R,"Blocked") | E7: =COUNTIF('03_Dashboard'!$R:$R,"Not Tested") | F7: =SUM(B7:E7)
A8: 04_Navigation | B8: =COUNTIF('04_Navigation'!$R:$R,"Pass") | C8: =COUNTIF('04_Navigation'!$R:$R,"Fail") | D8: =COUNTIF('04_Navigation'!$R:$R,"Blocked") | E8: =COUNTIF('04_Navigation'!$R:$R,"Not Tested") | F8: =SUM(B8:E8)
A9: 05_Groups | B9: =COUNTIF('05_Groups'!$R:$R,"Pass") | C9: =COUNTIF('05_Groups'!$R:$R,"Fail") | D9: =COUNTIF('05_Groups'!$R:$R,"Blocked") | E9: =COUNTIF('05_Groups'!$R:$R,"Not Tested") | F9: =SUM(B9:E9)
A10: 06_Expenses | B10: =COUNTIF('06_Expenses'!$R:$R,"Pass") | C10: =COUNTIF('06_Expenses'!$R:$R,"Fail") | D10: =COUNTIF('06_Expenses'!$R:$R,"Blocked") | E10: =COUNTIF('06_Expenses'!$R:$R,"Not Tested") | F10: =SUM(B10:E10)
A11: 07_Settlements | B11: =COUNTIF('07_Settlements'!$R:$R,"Pass") | C11: =COUNTIF('07_Settlements'!$R:$R,"Fail") | D11: =COUNTIF('07_Settlements'!$R:$R,"Blocked") | E11: =COUNTIF('07_Settlements'!$R:$R,"Not Tested") | F11: =SUM(B11:E11)
A12: 08_Activity | B12: =COUNTIF('08_Activity'!$R:$R,"Pass") | C12: =COUNTIF('08_Activity'!$R:$R,"Fail") | D12: =COUNTIF('08_Activity'!$R:$R,"Blocked") | E12: =COUNTIF('08_Activity'!$R:$R,"Not Tested") | F12: =SUM(B12:E12)
A13: 09_Reports | B13: =COUNTIF('09_Reports'!$R:$R,"Pass") | C13: =COUNTIF('09_Reports'!$R:$R,"Fail") | D13: =COUNTIF('09_Reports'!$R:$R,"Blocked") | E13: =COUNTIF('09_Reports'!$R:$R,"Not Tested") | F13: =SUM(B13:E13)
A14: 10_Friends | B14: =COUNTIF('10_Friends'!$R:$R,"Pass") | C14: =COUNTIF('10_Friends'!$R:$R,"Fail") | D14: =COUNTIF('10_Friends'!$R:$R,"Blocked") | E14: =COUNTIF('10_Friends'!$R:$R,"Not Tested") | F14: =SUM(B14:E14)
A15: 11_API_Validation | B15: =COUNTIF('11_API_Validation'!$R:$R,"Pass") | C15: =COUNTIF('11_API_Validation'!$R:$R,"Fail") | D15: =COUNTIF('11_API_Validation'!$R:$R,"Blocked") | E15: =COUNTIF('11_API_Validation'!$R:$R,"Not Tested") | F15: =SUM(B15:E15)
A16: 12_Push_Notifications | B16: =COUNTIF('12_Push_Notifications'!$R:$R,"Pass") | C16: =COUNTIF('12_Push_Notifications'!$R:$R,"Fail") | D16: =COUNTIF('12_Push_Notifications'!$R:$R,"Blocked") | E16: =COUNTIF('12_Push_Notifications'!$R:$R,"Not Tested") | F16: =SUM(B16:E16)
A17: 13_Deep_Links | B17: =COUNTIF('13_Deep_Links'!$R:$R,"Pass") | C17: =COUNTIF('13_Deep_Links'!$R:$R,"Fail") | D17: =COUNTIF('13_Deep_Links'!$R:$R,"Blocked") | E17: =COUNTIF('13_Deep_Links'!$R:$R,"Not Tested") | F17: =SUM(B17:E17)
A18: 14_Permissions | B18: =COUNTIF('14_Permissions'!$R:$R,"Pass") | C18: =COUNTIF('14_Permissions'!$R:$R,"Fail") | D18: =COUNTIF('14_Permissions'!$R:$R,"Blocked") | E18: =COUNTIF('14_Permissions'!$R:$R,"Not Tested") | F18: =SUM(B18:E18)
A19: 15_Offline_Network | B19: =COUNTIF('15_Offline_Network'!$R:$R,"Pass") | C19: =COUNTIF('15_Offline_Network'!$R:$R,"Fail") | D19: =COUNTIF('15_Offline_Network'!$R:$R,"Blocked") | E19: =COUNTIF('15_Offline_Network'!$R:$R,"Not Tested") | F19: =SUM(B19:E19)
A20: 16_Performance | B20: =COUNTIF('16_Performance'!$R:$R,"Pass") | C20: =COUNTIF('16_Performance'!$R:$R,"Fail") | D20: =COUNTIF('16_Performance'!$R:$R,"Blocked") | E20: =COUNTIF('16_Performance'!$R:$R,"Not Tested") | F20: =SUM(B20:E20)
A21: 17_Security | B21: =COUNTIF('17_Security'!$R:$R,"Pass") | C21: =COUNTIF('17_Security'!$R:$R,"Fail") | D21: =COUNTIF('17_Security'!$R:$R,"Blocked") | E21: =COUNTIF('17_Security'!$R:$R,"Not Tested") | F21: =SUM(B21:E21)
A22: 18_Payment | B22: =COUNTIF('18_Payment'!$R:$R,"Pass") | C22: =COUNTIF('18_Payment'!$R:$R,"Fail") | D22: =COUNTIF('18_Payment'!$R:$R,"Blocked") | E22: =COUNTIF('18_Payment'!$R:$R,"Not Tested") | F22: =SUM(B22:E22)
A23: 19_Subscription | B23: =COUNTIF('19_Subscription'!$R:$R,"Pass") | C23: =COUNTIF('19_Subscription'!$R:$R,"Fail") | D23: =COUNTIF('19_Subscription'!$R:$R,"Blocked") | E23: =COUNTIF('19_Subscription'!$R:$R,"Not Tested") | F23: =SUM(B23:E23)
A24: 20_Settings | B24: =COUNTIF('20_Settings'!$R:$R,"Pass") | C24: =COUNTIF('20_Settings'!$R:$R,"Fail") | D24: =COUNTIF('20_Settings'!$R:$R,"Blocked") | E24: =COUNTIF('20_Settings'!$R:$R,"Not Tested") | F24: =SUM(B24:E24)
A25: 21_Crash_Exception | B25: =COUNTIF('21_Crash_Exception'!$R:$R,"Pass") | C25: =COUNTIF('21_Crash_Exception'!$R:$R,"Fail") | D25: =COUNTIF('21_Crash_Exception'!$R:$R,"Blocked") | E25: =COUNTIF('21_Crash_Exception'!$R:$R,"Not Tested") | F25: =SUM(B25:E25)
A26: 22_Cross_Platform | B26: =COUNTIF('22_Cross_Platform'!$R:$R,"Pass") | C26: =COUNTIF('22_Cross_Platform'!$R:$R,"Fail") | D26: =COUNTIF('22_Cross_Platform'!$R:$R,"Blocked") | E26: =COUNTIF('22_Cross_Platform'!$R:$R,"Not Tested") | F26: =SUM(B26:E26)
A27: TOTAL | B27: =SUM(B5:B26) | C27: =SUM(C5:C26) | D27: =SUM(D5:D26) | E27: =SUM(E5:E26) | F27: =SUM(F5:F26)
A30: Pass % | B30: =IFERROR(B27/F27, 0)
A31: Fail % | B31: =IFERROR(C27/F27, 0)
A32: Coverage % | B32: =IFERROR((B27+C27+D27)/F27, 0)
